{"1683617438.735212": {"top": 146, "right": 215, "bottom": 236, "left": 126, "encoding": [-0.20657017827033997, 0.12819017469882965, 0.044418204575777054, -0.009059039875864983, -0.13820166885852814, -0.03679794818162918, -0.007717382162809372, -0.10827574133872986, 0.09936390817165375, 0.034497153013944626, 0.24668532609939575, -0.08545901626348495, -0.24924525618553162, -0.057782936841249466, -0.011771406047046185, 0.1153872087597847, -0.15975584089756012, -0.06983734667301178, -0.0957573652267456, -0.08945097029209137, 0.021705474704504013, -0.024201277643442154, 0.022143686190247536, 0.05099543556571007, -0.06687989830970764, -0.3142157196998596, -0.036622487008571625, -0.10692030191421509, 0.10912720859050751, -0.07836498320102692, -0.05301664024591446, -0.03711052983999252, -0.22876965999603271, -0.1326197236776352, -0.009283073246479034, -0.01016454491764307, 0.025694716721773148, -0.059831514954566956, 0.16771960258483887, -0.08130505681037903, -0.10772886872291565, 0.006161706522107124, 0.08085346966981888, 0.24457253515720367, 0.11598040163516998, 0.06432861089706421, 0.006939668208360672, 0.008795651607215405, 0.10435128211975098, -0.29219990968704224, 0.09074600040912628, 0.1129276305437088, 0.17211094498634338, -0.01568613015115261, 0.07700354605913162, -0.15052591264247894, -0.03680560737848282, 0.10117237269878387, -0.1913847178220749, 0.16347624361515045, 0.10589388012886047, 0.004800803959369659, -0.0589490607380867, -0.11852551251649857, 0.2563687562942505, 0.15599118173122406, -0.12944923341274261, -0.06425542384386063, 0.09071476757526398, -0.07451304793357849, 0.019864045083522797, 0.007288757711648941, -0.08727934956550598, -0.19447572529315948, -0.253505140542984, 0.11697117984294891, 0.39265796542167664, 0.1551845371723175, -0.242272287607193, -0.029071293771266937, -0.10596617311239243, -0.00047913845628499985, 0.04492543637752533, 0.013367838226258755, -0.06200656294822693, -0.019174929708242416, -0.125803142786026, 0.038316503167152405, 0.14919300377368927, -0.037935517728328705, -0.011084510944783688, 0.27730870246887207, 0.013106764294207096, 0.0004041409119963646, -0.03142194822430611, 0.07936172187328339, -0.11518889665603638, -0.056122880429029465, -0.05781486630439758, 0.03629034385085106, 0.1024676039814949, -0.07211094349622726, 0.031095845624804497, 0.07195176929235458, -0.1462709903717041, 0.07683626562356949, -0.0232025645673275, 0.031175946816802025, -0.015347417443990707, 0.0025421511381864548, -0.0449344739317894, -0.041074126958847046, 0.10191605985164642, -0.2279069721698761, 0.2349122315645218, 0.13616140186786652, -0.03686210513114929, 0.13270898163318634, -0.0047540366649627686, 0.03022606670856476, 0.07331802695989609, 0.036384642124176025, -0.047481708228588104, -0.13630987703800201, 0.0467551089823246, -0.08895207941532135, 0.028016503900289536, 0.08167221397161484]}}